{"autoplayTransitionDelay":5,"author":"","timestamp":"2022-49-26 10:6:2","loopSlideshow":0,"filename":"pres_m2thesis","autoplayBuildDelay":2,"comment":"","title":"pres_m2thesis","showMode":0,"creator":"Apple Keynote 10.3.9","slideList":["39BE82D5-ABEB-45F4-887B-30C85629DD0E","9A5740F6-7D79-4847-8FAF-D420F5D3F9F4","38D21EE2-141B-4FFF-8166-AA574A093FF4","ADB82178-03BE-4134-9936-19647DFC96B8","6F4A6D81-5460-4D19-A0B5-29FD18D41C0A","4F68B44E-9707-4539-B192-B1EA64FECE32","FFDDA49E-6558-4E31-9927-495C27F692D0","1FC7D157-A5BE-4FD8-B040-6596CB65C3E7","AD01D629-3408-4A0F-889D-5F1147A1E54E","88196C76-838C-4B7D-8DAF-FC67C673CF7F","13CAC047-15E9-47BA-9BFA-2109CD86A97B","60BE9868-0AA1-4350-BCB9-916F8A1235C9"],"soundtrack":{"mode":0,"volume":1},"slideWidth":1024,"slideHeight":768,"slideCount":12,"majorVersion":1,"minorVersion":2,"fonts":["HelveticaNeue-Bold","HelveticaNeue-Medium","HelveticaNeue","Helvetica"]}